-- BUILDINGS
INSERT INTO "public"."Buildings"("id", "name", "description", "createdAt", "updatedAt") VALUES('1', 'Building F', 'Building A description', now(), now()) RETURNING "id", "name", "description", "createdAt", "updatedAt";
INSERT INTO "public"."Buildings"("id", "name", "description", "createdAt", "updatedAt") VALUES('2', 'Building A', 'Building F description', now(), now()) RETURNING "id", "name", "description", "createdAt", "updatedAt";

-- ROOMS
INSERT INTO "public"."Rooms"("id", "name", "Sitzplatze", "EDV", "Grosse", "TelDW", "Zusatzinfo", "BodenPVC", "BodenTeppich", "Flipchart", "Magnetleisten", "Pinnwand", "TafelWhiteboard", "TafelWhiteboardBreit", "TafelWhiteboardMobil", "TischeFixVerschraubt", "Beamer", "Klimaanlage", "LANAnschlüsseTischen", "Lautsprecher", "Medienturm", "Mikrophon", "StromanschlüsseTischen", "Visualizer", "WLAN", "createdAt", "updatedAt", "BuildingId") 
VALUES('1', 'F 2.01', '56', '20', '80', '671', 'blabla', '1', '1', '0', '1', '1', '0', '1', '1', '1', '1', '0', '1', '1', '1', '1', '1', '1', '1', now(), now(), '1') RETURNING "id", "name", "Sitzplatze", "EDV", "Grosse", "TelDW", "Zusatzinfo", "BodenPVC", "BodenTeppich", "Flipchart", "Magnetleisten", "Pinnwand", "TafelWhiteboard", "TafelWhiteboardBreit", "TafelWhiteboardMobil", "TischeFixVerschraubt", "Beamer", "Klimaanlage", "LANAnschlüsseTischen", "Lautsprecher", "Medienturm", "Mikrophon", "StromanschlüsseTischen", "Visualizer", "WLAN", "createdAt", "updatedAt", "BuildingId";

INSERT INTO "public"."Rooms"("id", "name", "Sitzplatze", "EDV", "Grosse", "TelDW", "Zusatzinfo", "BodenPVC", "BodenTeppich", "Flipchart", "Magnetleisten", "Pinnwand", "TafelWhiteboard", "TafelWhiteboardBreit", "TafelWhiteboardMobil", "TischeFixVerschraubt", "Beamer", "Klimaanlage", "LANAnschlüsseTischen", "Lautsprecher", "Medienturm", "Mikrophon", "StromanschlüsseTischen", "Visualizer", "WLAN", "createdAt", "updatedAt", "BuildingId") 
VALUES('2', 'F 2.02', '35', '18', '78', '683', 'blabla', '1', '1', '1', '1', '1', '1', '0', '1', '1', '1', '1', '1', '0', '0', '0', '1', '1', '1', now(), now(), '1') RETURNING "id", "name", "Sitzplatze", "EDV", "Grosse", "TelDW", "Zusatzinfo", "BodenPVC", "BodenTeppich", "Flipchart", "Magnetleisten", "Pinnwand", "TafelWhiteboard", "TafelWhiteboardBreit", "TafelWhiteboardMobil", "TischeFixVerschraubt", "Beamer", "Klimaanlage", "LANAnschlüsseTischen", "Lautsprecher", "Medienturm", "Mikrophon", "StromanschlüsseTischen", "Visualizer", "WLAN", "createdAt", "updatedAt", "BuildingId";

INSERT INTO "public"."Rooms"("id", "name", "Sitzplatze", "EDV", "Grosse", "TelDW", "Zusatzinfo", "BodenPVC", "BodenTeppich", "Flipchart", "Magnetleisten", "Pinnwand", "TafelWhiteboard", "TafelWhiteboardBreit", "TafelWhiteboardMobil", "TischeFixVerschraubt", "Beamer", "Klimaanlage", "LANAnschlüsseTischen", "Lautsprecher", "Medienturm", "Mikrophon", "StromanschlüsseTischen", "Visualizer", "WLAN", "createdAt", "updatedAt", "BuildingId") 
VALUES('3', 'F 2.03', '29', '20', '70', '646', 'blabla', '1', '0', '1', '1', '0', '1', '0', '1', '1', '1', '1', '0', '0', '0', '0', '1', '1', '1', now(), now(), '1') RETURNING "id", "name", "Sitzplatze", "EDV", "Grosse", "TelDW", "Zusatzinfo", "BodenPVC", "BodenTeppich", "Flipchart", "Magnetleisten", "Pinnwand", "TafelWhiteboard", "TafelWhiteboardBreit", "TafelWhiteboardMobil", "TischeFixVerschraubt", "Beamer", "Klimaanlage", "LANAnschlüsseTischen", "Lautsprecher", "Medienturm", "Mikrophon", "StromanschlüsseTischen", "Visualizer", "WLAN", "createdAt", "updatedAt", "BuildingId";

INSERT INTO "public"."Rooms"("id", "name", "Sitzplatze", "EDV", "Grosse", "TelDW", "Zusatzinfo", "BodenPVC", "BodenTeppich", "Flipchart", "Magnetleisten", "Pinnwand", "TafelWhiteboard", "TafelWhiteboardBreit", "TafelWhiteboardMobil", "TischeFixVerschraubt", "Beamer", "Klimaanlage", "LANAnschlüsseTischen", "Lautsprecher", "Medienturm", "Mikrophon", "StromanschlüsseTischen", "Visualizer", "WLAN", "createdAt", "updatedAt", "BuildingId") 
VALUES('4', 'F 2.04', '73', '25', '100', '663', 'blabla', '1', '1', '1', '1', '0', '0', '0', '1', '1', '1', '0', '1', '0', '0', '0', '1', '1', '1', now(), now(), '1') RETURNING "id", "name", "Sitzplatze", "EDV", "Grosse", "TelDW", "Zusatzinfo", "BodenPVC", "BodenTeppich", "Flipchart", "Magnetleisten", "Pinnwand", "TafelWhiteboard", "TafelWhiteboardBreit", "TafelWhiteboardMobil", "TischeFixVerschraubt", "Beamer", "Klimaanlage", "LANAnschlüsseTischen", "Lautsprecher", "Medienturm", "Mikrophon", "StromanschlüsseTischen", "Visualizer", "WLAN", "createdAt", "updatedAt", "BuildingId";

-- SUBJECTS
INSERT INTO "public"."Subjects"("id", "name", "description", "createdAt", "updatedAt") VALUES('1', 'Subject 1', 'Subject 1 DESCRIPTON', now(), now()) RETURNING "id", "name", "description", "createdAt", "updatedAt";
INSERT INTO "public"."Subjects"("id", "name", "description", "createdAt", "updatedAt") VALUES('2', 'Subject 2', 'Subject 2 DESCRIPTON', now(), now()) RETURNING "id", "name", "description", "createdAt", "updatedAt";
INSERT INTO "public"."Subjects"("id", "name", "description", "createdAt", "updatedAt") VALUES('3', 'Subject 3', 'Subject 3 DESCRIPTON', now(), now()) RETURNING "id", "name", "description", "createdAt", "updatedAt";

-- LECTURERS
INSERT INTO "public"."Lecturers"("id", "name", "surname", "email", "createdAt", "updatedAt") VALUES('1', 'Lecturer Name 1', 'Lecturer Surname 1', 'Lecturer Email 1', now(), now()) RETURNING "id", "name", "surname", "email", "createdAt", "updatedAt";
INSERT INTO "public"."Lecturers"("id", "name", "surname", "email", "createdAt", "updatedAt") VALUES('2', 'Lecturer Name 2', 'Lecturer Surname 2', 'Lecturer Email 2', now(), now()) RETURNING "id", "name", "surname", "email", "createdAt", "updatedAt";
INSERT INTO "public"."Lecturers"("id", "name", "surname", "email", "createdAt", "updatedAt") VALUES('3', 'Lecturer Name 3', 'Lecturer Surname 3', 'Lecturer Email 3', now(), now()) RETURNING "id", "name", "surname", "email", "createdAt", "updatedAt";

-- SLOTS
INSERT INTO "public"."Slots"("id", "name", "from", "to", "createdAt", "updatedAt") VALUES('1', 'slot 1', '08:00', '08:45', now(), now()) RETURNING "id", "name", "from", "to", "createdAt", "updatedAt";
INSERT INTO "public"."Slots"("id", "name", "from", "to", "createdAt", "updatedAt") VALUES('2', 'slot 2', '08:45', '09:30', now(), now()) RETURNING "id", "name", "from", "to", "createdAt", "updatedAt";
INSERT INTO "public"."Slots"("id", "name", "from", "to", "createdAt", "updatedAt") VALUES('3', 'slot 3', '09:40', '10:25', now(), now()) RETURNING "id", "name", "from", "to", "createdAt", "updatedAt";
INSERT INTO "public"."Slots"("id", "name", "from", "to", "createdAt", "updatedAt") VALUES('4', 'slot 4', '10:25 ', '11:10', now(), now()) RETURNING "id", "name", "from", "to", "createdAt", "updatedAt";
INSERT INTO "public"."Slots"("id", "name", "from", "to", "createdAt", "updatedAt") VALUES('5', 'slot 5', '11:20', '12:05', now(), now()) RETURNING "id", "name", "from", "to", "createdAt", "updatedAt";
INSERT INTO "public"."Slots"("id", "name", "from", "to", "createdAt", "updatedAt") VALUES('6', 'slot 6', '12:05', '12:50', now(), now()) RETURNING "id", "name", "from", "to", "createdAt", "updatedAt";
INSERT INTO "public"."Slots"("id", "name", "from", "to", "createdAt", "updatedAt") VALUES('7', 'slot 7', '12:50', '13:35', now(), now()) RETURNING "id", "name", "from", "to", "createdAt", "updatedAt";
INSERT INTO "public"."Slots"("id", "name", "from", "to", "createdAt", "updatedAt") VALUES('8', 'slot 8', '13:35', '14:20', now(), now()) RETURNING "id", "name", "from", "to", "createdAt", "updatedAt";
INSERT INTO "public"."Slots"("id", "name", "from", "to", "createdAt", "updatedAt") VALUES('9', 'slot 9', '14:30', '15:15', now(), now()) RETURNING "id", "name", "from", "to", "createdAt", "updatedAt";
INSERT INTO "public"."Slots"("id", "name", "from", "to", "createdAt", "updatedAt") VALUES('10', 'slot 10', '15:15', '16:00', now(), now()) RETURNING "id", "name", "from", "to", "createdAt", "updatedAt";
INSERT INTO "public"."Slots"("id", "name", "from", "to", "createdAt", "updatedAt") VALUES('11', 'slot 11', '16:10', '16:55', now(), now()) RETURNING "id", "name", "from", "to", "createdAt", "updatedAt";
INSERT INTO "public"."Slots"("id", "name", "from", "to", "createdAt", "updatedAt") VALUES('12', 'slot 12', '16:55', '17:40', now(), now()) RETURNING "id", "name", "from", "to", "createdAt", "updatedAt";
INSERT INTO "public"."Slots"("id", "name", "from", "to", "createdAt", "updatedAt") VALUES('13', 'slot 13', '17:50', '18:35', now(), now()) RETURNING "id", "name", "from", "to", "createdAt", "updatedAt";
INSERT INTO "public"."Slots"("id", "name", "from", "to", "createdAt", "updatedAt") VALUES('14', 'slot 14', '18:35', '19:20', now(), now()) RETURNING "id", "name", "from", "to", "createdAt", "updatedAt";
INSERT INTO "public"."Slots"("id", "name", "from", "to", "createdAt", "updatedAt") VALUES('15', 'slot 15', '19:30', '20:15', now(), now()) RETURNING "id", "name", "from", "to", "createdAt", "updatedAt";
INSERT INTO "public"."Slots"("id", "name", "from", "to", "createdAt", "updatedAt") VALUES('16', 'slot 16', '20:15', '21:00', now(), now()) RETURNING "id", "name", "from", "to", "createdAt", "updatedAt";

-- BOOKINGS
INSERT INTO "public"."Bookings"("id", "weekday", "weeknumber", "createdAt", "updatedAt", "RoomId", "LecturerId", "SubjectId", "SlotId") VALUES('1', '3', '1', now(), now(), '2', '1', '3', '2') RETURNING "id", "weekday", "weeknumber", "createdAt", "updatedAt", "RoomId", "LecturerId", "SubjectId", "SlotId";
INSERT INTO "public"."Bookings"("id", "weekday", "weeknumber", "createdAt", "updatedAt", "RoomId", "LecturerId", "SubjectId", "SlotId") VALUES('2', '3', '1', now(), now(), '2', '1', '3', '3') RETURNING "id", "weekday", "weeknumber", "createdAt", "updatedAt", "RoomId", "LecturerId", "SubjectId", "SlotId";
INSERT INTO "public"."Bookings"("id", "weekday", "weeknumber", "createdAt", "updatedAt", "RoomId", "LecturerId", "SubjectId", "SlotId") VALUES('3', '1', '1', now(), now(), '2', '3', '2', '10') RETURNING "id", "weekday", "weeknumber", "createdAt", "updatedAt", "RoomId", "LecturerId", "SubjectId", "SlotId";
INSERT INTO "public"."Bookings"("id", "weekday", "weeknumber", "createdAt", "updatedAt", "RoomId", "LecturerId", "SubjectId", "SlotId") VALUES('4', '5', '1', now(), now(), '2', '2', '1', '8') RETURNING "id", "weekday", "weeknumber", "createdAt", "updatedAt", "RoomId", "LecturerId", "SubjectId", "SlotId";